"TIME","GEO","NA_ITEM","PPP_CAT","Value"
"2021","European Union - 27 countries (from 2020)","Purchasing power parities (EU27_2020=1)","Food and non-alcoholic beverages","1.000000"
"2021","European Union - 27 countries (from 2020)","Purchasing power parities (EU27_2020=1)","Alcoholic beverages, tobacco and narcotics","1.00000"
"2021","European Union - 27 countries (from 2020)","Purchasing power parities (EU27_2020=1)","Clothing and footwear","1.00000"
"2021","European Union - 27 countries (from 2020)","Purchasing power parities (EU27_2020=1)","Electricity, gas and other fuels","1.000000"
"2021","European Union - 27 countries (from 2020)","Purchasing power parities (EU27_2020=1)","Health","1.00000"
"2021","European Union - 27 countries (from 2020)","Purchasing power parities (EU27_2020=1)","Transport","1.000000"
"2021","European Union - 27 countries (from 2020)","Purchasing power parities (EU27_2020=1)","Communication","1.00000"
"2021","European Union - 27 countries (from 2020)","Purchasing power parities (EU27_2020=1)","Recreation and culture","1.00000"
"2021","European Union - 27 countries (from 2020)","Purchasing power parities (EU27_2020=1)","Audio-visual, photographic and information processing equipment","1.000000"
"2021","European Union - 27 countries (from 2020)","Purchasing power parities (EU27_2020=1)","Education","1.00000"
"2021","European Union - 27 countries (from 2020)","Purchasing power parities (EU27_2020=1)","Restaurants and hotels","1.00000"
"2021","European Union - 27 countries (from 2020)","Purchasing power parities (EU27_2020=1)","Software","1.000000"
"2021","Belgium","Purchasing power parities (EU27_2020=1)","Food and non-alcoholic beverages","1.05370"
"2021","Belgium","Purchasing power parities (EU27_2020=1)","Alcoholic beverages, tobacco and narcotics","1.14771"
"2021","Belgium","Purchasing power parities (EU27_2020=1)","Clothing and footwear","1.01216"
"2021","Belgium","Purchasing power parities (EU27_2020=1)","Electricity, gas and other fuels","1.09066"
"2021","Belgium","Purchasing power parities (EU27_2020=1)","Health","1.19892"
"2021","Belgium","Purchasing power parities (EU27_2020=1)","Transport","1.03160"
"2021","Belgium","Purchasing power parities (EU27_2020=1)","Communication","1.69895"
"2021","Belgium","Purchasing power parities (EU27_2020=1)","Recreation and culture","1.04627"
"2021","Belgium","Purchasing power parities (EU27_2020=1)","Audio-visual, photographic and information processing equipment","1.06185"
"2021","Belgium","Purchasing power parities (EU27_2020=1)","Education","1.53043"
"2021","Belgium","Purchasing power parities (EU27_2020=1)","Restaurants and hotels","1.23129"
"2021","Belgium","Purchasing power parities (EU27_2020=1)","Software","0.940693"
"2021","Bulgaria","Purchasing power parities (EU27_2020=1)","Food and non-alcoholic beverages","1.55044"
"2021","Bulgaria","Purchasing power parities (EU27_2020=1)","Alcoholic beverages, tobacco and narcotics","1.26043"
"2021","Bulgaria","Purchasing power parities (EU27_2020=1)","Clothing and footwear","1.49363"
"2021","Bulgaria","Purchasing power parities (EU27_2020=1)","Electricity, gas and other fuels","1.14568"
"2021","Bulgaria","Purchasing power parities (EU27_2020=1)","Health","0.732940"
"2021","Bulgaria","Purchasing power parities (EU27_2020=1)","Transport","1.34539"
"2021","Bulgaria","Purchasing power parities (EU27_2020=1)","Communication","1.45994"
"2021","Bulgaria","Purchasing power parities (EU27_2020=1)","Recreation and culture","1.29176"
"2021","Bulgaria","Purchasing power parities (EU27_2020=1)","Audio-visual, photographic and information processing equipment","1.78579"
"2021","Bulgaria","Purchasing power parities (EU27_2020=1)","Education","0.870142"
"2021","Bulgaria","Purchasing power parities (EU27_2020=1)","Restaurants and hotels","0.907846"
"2021","Bulgaria","Purchasing power parities (EU27_2020=1)","Software","1.94611"
"2021","Czechia","Purchasing power parities (EU27_2020=1)","Food and non-alcoholic beverages","22.9034"
"2021","Czechia","Purchasing power parities (EU27_2020=1)","Alcoholic beverages, tobacco and narcotics","23.1258"
"2021","Czechia","Purchasing power parities (EU27_2020=1)","Clothing and footwear","23.8083"
"2021","Czechia","Purchasing power parities (EU27_2020=1)","Electricity, gas and other fuels","22.7911"
"2021","Czechia","Purchasing power parities (EU27_2020=1)","Health","12.7792"
"2021","Czechia","Purchasing power parities (EU27_2020=1)","Transport","20.4894"
"2021","Czechia","Purchasing power parities (EU27_2020=1)","Communication","30.2648"
"2021","Czechia","Purchasing power parities (EU27_2020=1)","Recreation and culture","19.0822"
"2021","Czechia","Purchasing power parities (EU27_2020=1)","Audio-visual, photographic and information processing equipment","23.9758"
"2021","Czechia","Purchasing power parities (EU27_2020=1)","Education","17.9643"
"2021","Czechia","Purchasing power parities (EU27_2020=1)","Restaurants and hotels","17.2600"
"2021","Czechia","Purchasing power parities (EU27_2020=1)","Software","26.8930"
"2021","Denmark","Purchasing power parities (EU27_2020=1)","Food and non-alcoholic beverages","8.92214"
"2021","Denmark","Purchasing power parities (EU27_2020=1)","Alcoholic beverages, tobacco and narcotics","9.95311"
"2021","Denmark","Purchasing power parities (EU27_2020=1)","Clothing and footwear","9.92872"
"2021","Denmark","Purchasing power parities (EU27_2020=1)","Electricity, gas and other fuels","9.80323"
"2021","Denmark","Purchasing power parities (EU27_2020=1)","Health","11.0985"
"2021","Denmark","Purchasing power parities (EU27_2020=1)","Transport","9.50216"
"2021","Denmark","Purchasing power parities (EU27_2020=1)","Communication","7.72018"
"2021","Denmark","Purchasing power parities (EU27_2020=1)","Recreation and culture","10.3791"
"2021","Denmark","Purchasing power parities (EU27_2020=1)","Audio-visual, photographic and information processing equipment","7.36770"
"2021","Denmark","Purchasing power parities (EU27_2020=1)","Education","11.8040"
"2021","Denmark","Purchasing power parities (EU27_2020=1)","Restaurants and hotels","11.4934"
"2021","Denmark","Purchasing power parities (EU27_2020=1)","Software","7.83346"
"2021","Germany (until 1990 former territory of the FRG)","Purchasing power parities (EU27_2020=1)","Food and non-alcoholic beverages","1.04470"
"2021","Germany (until 1990 former territory of the FRG)","Purchasing power parities (EU27_2020=1)","Alcoholic beverages, tobacco and narcotics","0.964387"
"2021","Germany (until 1990 former territory of the FRG)","Purchasing power parities (EU27_2020=1)","Clothing and footwear","0.989811"
"2021","Germany (until 1990 former territory of the FRG)","Purchasing power parities (EU27_2020=1)","Electricity, gas and other fuels","1.20309"
"2021","Germany (until 1990 former territory of the FRG)","Purchasing power parities (EU27_2020=1)","Health","1.09751"
"2021","Germany (until 1990 former territory of the FRG)","Purchasing power parities (EU27_2020=1)","Transport","1.06718"
"2021","Germany (until 1990 former territory of the FRG)","Purchasing power parities (EU27_2020=1)","Communication","1.19418"
"2021","Germany (until 1990 former territory of the FRG)","Purchasing power parities (EU27_2020=1)","Recreation and culture","1.06662"
"2021","Germany (until 1990 former territory of the FRG)","Purchasing power parities (EU27_2020=1)","Audio-visual, photographic and information processing equipment","0.987003"
"2021","Germany (until 1990 former territory of the FRG)","Purchasing power parities (EU27_2020=1)","Education","1.26135"
"2021","Germany (until 1990 former territory of the FRG)","Purchasing power parities (EU27_2020=1)","Restaurants and hotels","1.04640"
"2021","Germany (until 1990 former territory of the FRG)","Purchasing power parities (EU27_2020=1)","Software","1.01228"
"2021","Estonia","Purchasing power parities (EU27_2020=1)","Food and non-alcoholic beverages","0.974452"
"2021","Estonia","Purchasing power parities (EU27_2020=1)","Alcoholic beverages, tobacco and narcotics","1.00054"
"2021","Estonia","Purchasing power parities (EU27_2020=1)","Clothing and footwear","1.07563"
"2021","Estonia","Purchasing power parities (EU27_2020=1)","Electricity, gas and other fuels","0.766777"
"2021","Estonia","Purchasing power parities (EU27_2020=1)","Health","0.803133"
"2021","Estonia","Purchasing power parities (EU27_2020=1)","Transport","0.846223"
"2021","Estonia","Purchasing power parities (EU27_2020=1)","Communication","0.822582"
"2021","Estonia","Purchasing power parities (EU27_2020=1)","Recreation and culture","0.913607"
"2021","Estonia","Purchasing power parities (EU27_2020=1)","Audio-visual, photographic and information processing equipment","0.998617"
"2021","Estonia","Purchasing power parities (EU27_2020=1)","Education","0.752587"
"2021","Estonia","Purchasing power parities (EU27_2020=1)","Restaurants and hotels","0.954931"
"2021","Estonia","Purchasing power parities (EU27_2020=1)","Software","1.01846"
"2021","Ireland","Purchasing power parities (EU27_2020=1)","Food and non-alcoholic beverages","1.19067"
"2021","Ireland","Purchasing power parities (EU27_2020=1)","Alcoholic beverages, tobacco and narcotics","2.04553"
"2021","Ireland","Purchasing power parities (EU27_2020=1)","Clothing and footwear","0.993534"
"2021","Ireland","Purchasing power parities (EU27_2020=1)","Electricity, gas and other fuels","1.15112"
"2021","Ireland","Purchasing power parities (EU27_2020=1)","Health","1.71469"
"2021","Ireland","Purchasing power parities (EU27_2020=1)","Transport","1.10543"
"2021","Ireland","Purchasing power parities (EU27_2020=1)","Communication","1.46519"
"2021","Ireland","Purchasing power parities (EU27_2020=1)","Recreation and culture","1.12785"
"2021","Ireland","Purchasing power parities (EU27_2020=1)","Audio-visual, photographic and information processing equipment","0.974934"
"2021","Ireland","Purchasing power parities (EU27_2020=1)","Education","1.12149"
"2021","Ireland","Purchasing power parities (EU27_2020=1)","Restaurants and hotels","1.29540"
"2021","Ireland","Purchasing power parities (EU27_2020=1)","Software","0.988919"
"2021","Greece","Purchasing power parities (EU27_2020=1)","Food and non-alcoholic beverages","1.06024"
"2021","Greece","Purchasing power parities (EU27_2020=1)","Alcoholic beverages, tobacco and narcotics","1.01057"
"2021","Greece","Purchasing power parities (EU27_2020=1)","Clothing and footwear","0.941361"
"2021","Greece","Purchasing power parities (EU27_2020=1)","Electricity, gas and other fuels","0.925825"
"2021","Greece","Purchasing power parities (EU27_2020=1)","Health","0.860209"
"2021","Greece","Purchasing power parities (EU27_2020=1)","Transport","0.898025"
"2021","Greece","Purchasing power parities (EU27_2020=1)","Communication","1.69399"
"2021","Greece","Purchasing power parities (EU27_2020=1)","Recreation and culture","0.862210"
"2021","Greece","Purchasing power parities (EU27_2020=1)","Audio-visual, photographic and information processing equipment","1.04635"
"2021","Greece","Purchasing power parities (EU27_2020=1)","Education","0.550198"
"2021","Greece","Purchasing power parities (EU27_2020=1)","Restaurants and hotels","0.848420"
"2021","Greece","Purchasing power parities (EU27_2020=1)","Software","1.09387"
"2021","Spain","Purchasing power parities (EU27_2020=1)","Food and non-alcoholic beverages","0.976448"
"2021","Spain","Purchasing power parities (EU27_2020=1)","Alcoholic beverages, tobacco and narcotics","0.889429"
"2021","Spain","Purchasing power parities (EU27_2020=1)","Clothing and footwear","0.894339"
"2021","Spain","Purchasing power parities (EU27_2020=1)","Electricity, gas and other fuels","1.12920"
"2021","Spain","Purchasing power parities (EU27_2020=1)","Health","1.12478"
"2021","Spain","Purchasing power parities (EU27_2020=1)","Transport","0.925033"
"2021","Spain","Purchasing power parities (EU27_2020=1)","Communication","1.19094"
"2021","Spain","Purchasing power parities (EU27_2020=1)","Recreation and culture","0.936327"
"2021","Spain","Purchasing power parities (EU27_2020=1)","Audio-visual, photographic and information processing equipment","0.986964"
"2021","Spain","Purchasing power parities (EU27_2020=1)","Education","0.908123"
"2021","Spain","Purchasing power parities (EU27_2020=1)","Restaurants and hotels","0.881799"
"2021","Spain","Purchasing power parities (EU27_2020=1)","Software","0.969254"
"2021","France","Purchasing power parities (EU27_2020=1)","Food and non-alcoholic beverages","1.10013"
"2021","France","Purchasing power parities (EU27_2020=1)","Alcoholic beverages, tobacco and narcotics","1.33710"
"2021","France","Purchasing power parities (EU27_2020=1)","Clothing and footwear","1.06748"
"2021","France","Purchasing power parities (EU27_2020=1)","Electricity, gas and other fuels","1.00582"
"2021","France","Purchasing power parities (EU27_2020=1)","Health","0.970042"
"2021","France","Purchasing power parities (EU27_2020=1)","Transport","1.05679"
"2021","France","Purchasing power parities (EU27_2020=1)","Communication","0.999758"
"2021","France","Purchasing power parities (EU27_2020=1)","Recreation and culture","1.06126"
"2021","France","Purchasing power parities (EU27_2020=1)","Audio-visual, photographic and information processing equipment","1.10779"
"2021","France","Purchasing power parities (EU27_2020=1)","Education","0.989222"
"2021","France","Purchasing power parities (EU27_2020=1)","Restaurants and hotels","1.21146"
"2021","France","Purchasing power parities (EU27_2020=1)","Software","0.978564"
"2021","Croatia","Purchasing power parities (EU27_2020=1)","Food and non-alcoholic beverages","7.29860"
"2021","Croatia","Purchasing power parities (EU27_2020=1)","Alcoholic beverages, tobacco and narcotics","6.55227"
"2021","Croatia","Purchasing power parities (EU27_2020=1)","Clothing and footwear","6.92747"
"2021","Croatia","Purchasing power parities (EU27_2020=1)","Electricity, gas and other fuels","4.60463"
"2021","Croatia","Purchasing power parities (EU27_2020=1)","Health","4.23561"
"2021","Croatia","Purchasing power parities (EU27_2020=1)","Transport","6.27505"
"2021","Croatia","Purchasing power parities (EU27_2020=1)","Communication","8.22041"
"2021","Croatia","Purchasing power parities (EU27_2020=1)","Recreation and culture","5.91695"
"2021","Croatia","Purchasing power parities (EU27_2020=1)","Audio-visual, photographic and information processing equipment","8.32760"
"2021","Croatia","Purchasing power parities (EU27_2020=1)","Education","3.98318"
"2021","Croatia","Purchasing power parities (EU27_2020=1)","Restaurants and hotels","6.03234"
"2021","Croatia","Purchasing power parities (EU27_2020=1)","Software","7.38025"
"2021","Italy","Purchasing power parities (EU27_2020=1)","Food and non-alcoholic beverages","1.05663"
"2021","Italy","Purchasing power parities (EU27_2020=1)","Alcoholic beverages, tobacco and narcotics","0.937376"
"2021","Italy","Purchasing power parities (EU27_2020=1)","Clothing and footwear","1.02954"
"2021","Italy","Purchasing power parities (EU27_2020=1)","Electricity, gas and other fuels","1.15409"
"2021","Italy","Purchasing power parities (EU27_2020=1)","Health","1.30180"
"2021","Italy","Purchasing power parities (EU27_2020=1)","Transport","0.994365"
"2021","Italy","Purchasing power parities (EU27_2020=1)","Communication","0.838823"
"2021","Italy","Purchasing power parities (EU27_2020=1)","Recreation and culture","0.986482"
"2021","Italy","Purchasing power parities (EU27_2020=1)","Audio-visual, photographic and information processing equipment","0.939840"
"2021","Italy","Purchasing power parities (EU27_2020=1)","Education","0.927301"
"2021","Italy","Purchasing power parities (EU27_2020=1)","Restaurants and hotels","1.03209"
"2021","Italy","Purchasing power parities (EU27_2020=1)","Software","0.964219"
"2021","Cyprus","Purchasing power parities (EU27_2020=1)","Food and non-alcoholic beverages","1.09152"
"2021","Cyprus","Purchasing power parities (EU27_2020=1)","Alcoholic beverages, tobacco and narcotics","0.935410"
"2021","Cyprus","Purchasing power parities (EU27_2020=1)","Clothing and footwear","0.943249"
"2021","Cyprus","Purchasing power parities (EU27_2020=1)","Electricity, gas and other fuels","0.971925"
"2021","Cyprus","Purchasing power parities (EU27_2020=1)","Health","1.09227"
"2021","Cyprus","Purchasing power parities (EU27_2020=1)","Transport","0.846592"
"2021","Cyprus","Purchasing power parities (EU27_2020=1)","Communication","1.09030"
"2021","Cyprus","Purchasing power parities (EU27_2020=1)","Recreation and culture","0.913005"
"2021","Cyprus","Purchasing power parities (EU27_2020=1)","Audio-visual, photographic and information processing equipment","1.07259"
"2021","Cyprus","Purchasing power parities (EU27_2020=1)","Education","1.48769"
"2021","Cyprus","Purchasing power parities (EU27_2020=1)","Restaurants and hotels","0.879786"
"2021","Cyprus","Purchasing power parities (EU27_2020=1)","Software","1.01504"
"2021","Latvia","Purchasing power parities (EU27_2020=1)","Food and non-alcoholic beverages","0.970417"
"2021","Latvia","Purchasing power parities (EU27_2020=1)","Alcoholic beverages, tobacco and narcotics","0.953280"
"2021","Latvia","Purchasing power parities (EU27_2020=1)","Clothing and footwear","1.03362"
"2021","Latvia","Purchasing power parities (EU27_2020=1)","Electricity, gas and other fuels","0.686279"
"2021","Latvia","Purchasing power parities (EU27_2020=1)","Health","0.598629"
"2021","Latvia","Purchasing power parities (EU27_2020=1)","Transport","0.780420"
"2021","Latvia","Purchasing power parities (EU27_2020=1)","Communication","0.831890"
"2021","Latvia","Purchasing power parities (EU27_2020=1)","Recreation and culture","0.876043"
"2021","Latvia","Purchasing power parities (EU27_2020=1)","Audio-visual, photographic and information processing equipment","1.08245"
"2021","Latvia","Purchasing power parities (EU27_2020=1)","Education","0.642364"
"2021","Latvia","Purchasing power parities (EU27_2020=1)","Restaurants and hotels","0.873782"
"2021","Latvia","Purchasing power parities (EU27_2020=1)","Software","1.03909"
"2021","Lithuania","Purchasing power parities (EU27_2020=1)","Food and non-alcoholic beverages","0.878819"
"2021","Lithuania","Purchasing power parities (EU27_2020=1)","Alcoholic beverages, tobacco and narcotics","0.881799"
"2021","Lithuania","Purchasing power parities (EU27_2020=1)","Clothing and footwear","1.02499"
"2021","Lithuania","Purchasing power parities (EU27_2020=1)","Electricity, gas and other fuels","0.624582"
"2021","Lithuania","Purchasing power parities (EU27_2020=1)","Health","0.585997"
"2021","Lithuania","Purchasing power parities (EU27_2020=1)","Transport","0.797896"
"2021","Lithuania","Purchasing power parities (EU27_2020=1)","Communication","0.757247"
"2021","Lithuania","Purchasing power parities (EU27_2020=1)","Recreation and culture","0.771956"
"2021","Lithuania","Purchasing power parities (EU27_2020=1)","Audio-visual, photographic and information processing equipment","1.01889"
"2021","Lithuania","Purchasing power parities (EU27_2020=1)","Education","0.590363"
"2021","Lithuania","Purchasing power parities (EU27_2020=1)","Restaurants and hotels","0.760770"
"2021","Lithuania","Purchasing power parities (EU27_2020=1)","Software","1.13180"
"2021","Luxembourg","Purchasing power parities (EU27_2020=1)","Food and non-alcoholic beverages","1.24557"
"2021","Luxembourg","Purchasing power parities (EU27_2020=1)","Alcoholic beverages, tobacco and narcotics","0.949031"
"2021","Luxembourg","Purchasing power parities (EU27_2020=1)","Clothing and footwear","1.07162"
"2021","Luxembourg","Purchasing power parities (EU27_2020=1)","Electricity, gas and other fuels","0.885884"
"2021","Luxembourg","Purchasing power parities (EU27_2020=1)","Health","1.65263"
"2021","Luxembourg","Purchasing power parities (EU27_2020=1)","Transport","0.974387"
"2021","Luxembourg","Purchasing power parities (EU27_2020=1)","Communication","1.42336"
"2021","Luxembourg","Purchasing power parities (EU27_2020=1)","Recreation and culture","1.18155"
"2021","Luxembourg","Purchasing power parities (EU27_2020=1)","Audio-visual, photographic and information processing equipment","1.07933"
"2021","Luxembourg","Purchasing power parities (EU27_2020=1)","Education","3.56914"
"2021","Luxembourg","Purchasing power parities (EU27_2020=1)","Restaurants and hotels","1.25306"
"2021","Luxembourg","Purchasing power parities (EU27_2020=1)","Software","1.07531"
"2021","Hungary","Purchasing power parities (EU27_2020=1)","Food and non-alcoholic beverages","304.516"
"2021","Hungary","Purchasing power parities (EU27_2020=1)","Alcoholic beverages, tobacco and narcotics","281.869"
"2021","Hungary","Purchasing power parities (EU27_2020=1)","Clothing and footwear","314.978"
"2021","Hungary","Purchasing power parities (EU27_2020=1)","Electricity, gas and other fuels","171.133"
"2021","Hungary","Purchasing power parities (EU27_2020=1)","Health","168.006"
"2021","Hungary","Purchasing power parities (EU27_2020=1)","Transport","277.003"
"2021","Hungary","Purchasing power parities (EU27_2020=1)","Communication","321.153"
"2021","Hungary","Purchasing power parities (EU27_2020=1)","Recreation and culture","226.393"
"2021","Hungary","Purchasing power parities (EU27_2020=1)","Audio-visual, photographic and information processing equipment","330.489"
"2021","Hungary","Purchasing power parities (EU27_2020=1)","Education","181.017"
"2021","Hungary","Purchasing power parities (EU27_2020=1)","Restaurants and hotels","221.636"
"2021","Hungary","Purchasing power parities (EU27_2020=1)","Software","353.150"
"2021","Malta","Purchasing power parities (EU27_2020=1)","Food and non-alcoholic beverages","1.16596"
"2021","Malta","Purchasing power parities (EU27_2020=1)","Alcoholic beverages, tobacco and narcotics","1.03800"
"2021","Malta","Purchasing power parities (EU27_2020=1)","Clothing and footwear","1.02211"
"2021","Malta","Purchasing power parities (EU27_2020=1)","Electricity, gas and other fuels","0.765229"
"2021","Malta","Purchasing power parities (EU27_2020=1)","Health","0.944594"
"2021","Malta","Purchasing power parities (EU27_2020=1)","Transport","0.862220"
"2021","Malta","Purchasing power parities (EU27_2020=1)","Communication","1.17764"
"2021","Malta","Purchasing power parities (EU27_2020=1)","Recreation and culture","0.902838"
"2021","Malta","Purchasing power parities (EU27_2020=1)","Audio-visual, photographic and information processing equipment","1.11435"
"2021","Malta","Purchasing power parities (EU27_2020=1)","Education","1.32450"
"2021","Malta","Purchasing power parities (EU27_2020=1)","Restaurants and hotels","0.886071"
"2021","Malta","Purchasing power parities (EU27_2020=1)","Software","1.11695"
"2021","Netherlands","Purchasing power parities (EU27_2020=1)","Food and non-alcoholic beverages","0.976077"
"2021","Netherlands","Purchasing power parities (EU27_2020=1)","Alcoholic beverages, tobacco and narcotics","1.13986"
"2021","Netherlands","Purchasing power parities (EU27_2020=1)","Clothing and footwear","0.993963"
"2021","Netherlands","Purchasing power parities (EU27_2020=1)","Electricity, gas and other fuels","0.993026"
"2021","Netherlands","Purchasing power parities (EU27_2020=1)","Health","1.30793"
"2021","Netherlands","Purchasing power parities (EU27_2020=1)","Transport","1.18715"
"2021","Netherlands","Purchasing power parities (EU27_2020=1)","Communication","1.28056"
"2021","Netherlands","Purchasing power parities (EU27_2020=1)","Recreation and culture","1.07000"
"2021","Netherlands","Purchasing power parities (EU27_2020=1)","Audio-visual, photographic and information processing equipment","1.13068"
"2021","Netherlands","Purchasing power parities (EU27_2020=1)","Education","1.38759"
"2021","Netherlands","Purchasing power parities (EU27_2020=1)","Restaurants and hotels","1.10010"
"2021","Netherlands","Purchasing power parities (EU27_2020=1)","Software","1.03173"
"2021","Austria","Purchasing power parities (EU27_2020=1)","Food and non-alcoholic beverages","1.07083"
"2021","Austria","Purchasing power parities (EU27_2020=1)","Alcoholic beverages, tobacco and narcotics","0.876951"
"2021","Austria","Purchasing power parities (EU27_2020=1)","Clothing and footwear","1.03150"
"2021","Austria","Purchasing power parities (EU27_2020=1)","Electricity, gas and other fuels","1.04643"
"2021","Austria","Purchasing power parities (EU27_2020=1)","Health","1.44908"
"2021","Austria","Purchasing power parities (EU27_2020=1)","Transport","1.09098"
"2021","Austria","Purchasing power parities (EU27_2020=1)","Communication","1.00425"
"2021","Austria","Purchasing power parities (EU27_2020=1)","Recreation and culture","1.14532"
"2021","Austria","Purchasing power parities (EU27_2020=1)","Audio-visual, photographic and information processing equipment","0.989204"
"2021","Austria","Purchasing power parities (EU27_2020=1)","Education","1.75153"
"2021","Austria","Purchasing power parities (EU27_2020=1)","Restaurants and hotels","1.15475"
"2021","Austria","Purchasing power parities (EU27_2020=1)","Software","0.982106"
"2021","Poland","Purchasing power parities (EU27_2020=1)","Food and non-alcoholic beverages","3.29651"
"2021","Poland","Purchasing power parities (EU27_2020=1)","Alcoholic beverages, tobacco and narcotics","3.29508"
"2021","Poland","Purchasing power parities (EU27_2020=1)","Clothing and footwear","4.10353"
"2021","Poland","Purchasing power parities (EU27_2020=1)","Electricity, gas and other fuels","3.20559"
"2021","Poland","Purchasing power parities (EU27_2020=1)","Health","2.12140"
"2021","Poland","Purchasing power parities (EU27_2020=1)","Transport","3.20351"
"2021","Poland","Purchasing power parities (EU27_2020=1)","Communication","2.36342"
"2021","Poland","Purchasing power parities (EU27_2020=1)","Recreation and culture","2.95054"
"2021","Poland","Purchasing power parities (EU27_2020=1)","Audio-visual, photographic and information processing equipment","4.00760"
"2021","Poland","Purchasing power parities (EU27_2020=1)","Education","2.34151"
"2021","Poland","Purchasing power parities (EU27_2020=1)","Restaurants and hotels","3.55873"
"2021","Poland","Purchasing power parities (EU27_2020=1)","Software","4.51610"
"2021","Portugal","Purchasing power parities (EU27_2020=1)","Food and non-alcoholic beverages","1.01229"
"2021","Portugal","Purchasing power parities (EU27_2020=1)","Alcoholic beverages, tobacco and narcotics","0.989128"
"2021","Portugal","Purchasing power parities (EU27_2020=1)","Clothing and footwear","1.03008"
"2021","Portugal","Purchasing power parities (EU27_2020=1)","Electricity, gas and other fuels","1.03594"
"2021","Portugal","Purchasing power parities (EU27_2020=1)","Health","0.932101"
"2021","Portugal","Purchasing power parities (EU27_2020=1)","Transport","0.935765"
"2021","Portugal","Purchasing power parities (EU27_2020=1)","Communication","1.19334"
"2021","Portugal","Purchasing power parities (EU27_2020=1)","Recreation and culture","0.874566"
"2021","Portugal","Purchasing power parities (EU27_2020=1)","Audio-visual, photographic and information processing equipment","1.01990"
"2021","Portugal","Purchasing power parities (EU27_2020=1)","Education","0.752722"
"2021","Portugal","Purchasing power parities (EU27_2020=1)","Restaurants and hotels","0.729462"
"2021","Portugal","Purchasing power parities (EU27_2020=1)","Software","1.08538"
"2021","Romania","Purchasing power parities (EU27_2020=1)","Food and non-alcoholic beverages","3.39526"
"2021","Romania","Purchasing power parities (EU27_2020=1)","Alcoholic beverages, tobacco and narcotics","3.89158"
"2021","Romania","Purchasing power parities (EU27_2020=1)","Clothing and footwear","4.13439"
"2021","Romania","Purchasing power parities (EU27_2020=1)","Electricity, gas and other fuels","2.91048"
"2021","Romania","Purchasing power parities (EU27_2020=1)","Health","1.40364"
"2021","Romania","Purchasing power parities (EU27_2020=1)","Transport","3.41369"
"2021","Romania","Purchasing power parities (EU27_2020=1)","Communication","1.89942"
"2021","Romania","Purchasing power parities (EU27_2020=1)","Recreation and culture","3.09103"
"2021","Romania","Purchasing power parities (EU27_2020=1)","Audio-visual, photographic and information processing equipment","4.83128"
"2021","Romania","Purchasing power parities (EU27_2020=1)","Education","1.54652"
"2021","Romania","Purchasing power parities (EU27_2020=1)","Restaurants and hotels","2.63451"
"2021","Romania","Purchasing power parities (EU27_2020=1)","Software","4.98468"
"2021","Slovenia","Purchasing power parities (EU27_2020=1)","Food and non-alcoholic beverages","0.999283"
"2021","Slovenia","Purchasing power parities (EU27_2020=1)","Alcoholic beverages, tobacco and narcotics","0.837273"
"2021","Slovenia","Purchasing power parities (EU27_2020=1)","Clothing and footwear","0.959980"
"2021","Slovenia","Purchasing power parities (EU27_2020=1)","Electricity, gas and other fuels","0.873215"
"2021","Slovenia","Purchasing power parities (EU27_2020=1)","Health","0.932035"
"2021","Slovenia","Purchasing power parities (EU27_2020=1)","Transport","0.858870"
"2021","Slovenia","Purchasing power parities (EU27_2020=1)","Communication","1.08481"
"2021","Slovenia","Purchasing power parities (EU27_2020=1)","Recreation and culture","0.937869"
"2021","Slovenia","Purchasing power parities (EU27_2020=1)","Audio-visual, photographic and information processing equipment","1.02401"
"2021","Slovenia","Purchasing power parities (EU27_2020=1)","Education","0.914214"
"2021","Slovenia","Purchasing power parities (EU27_2020=1)","Restaurants and hotels","0.873983"
"2021","Slovenia","Purchasing power parities (EU27_2020=1)","Software","1.02689"
"2021","Slovakia","Purchasing power parities (EU27_2020=1)","Food and non-alcoholic beverages","0.949886"
"2021","Slovakia","Purchasing power parities (EU27_2020=1)","Alcoholic beverages, tobacco and narcotics","0.836115"
"2021","Slovakia","Purchasing power parities (EU27_2020=1)","Clothing and footwear","0.971438"
"2021","Slovakia","Purchasing power parities (EU27_2020=1)","Electricity, gas and other fuels","0.794097"
"2021","Slovakia","Purchasing power parities (EU27_2020=1)","Health","0.578576"
"2021","Slovakia","Purchasing power parities (EU27_2020=1)","Transport","0.817629"
"2021","Slovakia","Purchasing power parities (EU27_2020=1)","Communication","1.10527"
"2021","Slovakia","Purchasing power parities (EU27_2020=1)","Recreation and culture","0.859825"
"2021","Slovakia","Purchasing power parities (EU27_2020=1)","Audio-visual, photographic and information processing equipment","1.00284"
"2021","Slovakia","Purchasing power parities (EU27_2020=1)","Education","0.598885"
"2021","Slovakia","Purchasing power parities (EU27_2020=1)","Restaurants and hotels","0.885825"
"2021","Slovakia","Purchasing power parities (EU27_2020=1)","Software","1.01096"
"2021","Finland","Purchasing power parities (EU27_2020=1)","Food and non-alcoholic beverages","1.13150"
"2021","Finland","Purchasing power parities (EU27_2020=1)","Alcoholic beverages, tobacco and narcotics","1.72853"
"2021","Finland","Purchasing power parities (EU27_2020=1)","Clothing and footwear","1.16712"
"2021","Finland","Purchasing power parities (EU27_2020=1)","Electricity, gas and other fuels","0.920062"
"2021","Finland","Purchasing power parities (EU27_2020=1)","Health","1.50994"
"2021","Finland","Purchasing power parities (EU27_2020=1)","Transport","1.14964"
"2021","Finland","Purchasing power parities (EU27_2020=1)","Communication","1.04089"
"2021","Finland","Purchasing power parities (EU27_2020=1)","Recreation and culture","1.23425"
"2021","Finland","Purchasing power parities (EU27_2020=1)","Audio-visual, photographic and information processing equipment","0.955409"
"2021","Finland","Purchasing power parities (EU27_2020=1)","Education","1.19869"
"2021","Finland","Purchasing power parities (EU27_2020=1)","Restaurants and hotels","1.33142"
"2021","Finland","Purchasing power parities (EU27_2020=1)","Software","1.02580"
"2021","Sweden","Purchasing power parities (EU27_2020=1)","Food and non-alcoholic beverages","11.9115"
"2021","Sweden","Purchasing power parities (EU27_2020=1)","Alcoholic beverages, tobacco and narcotics","13.7729"
"2021","Sweden","Purchasing power parities (EU27_2020=1)","Clothing and footwear","12.3264"
"2021","Sweden","Purchasing power parities (EU27_2020=1)","Electricity, gas and other fuels","12.0789"
"2021","Sweden","Purchasing power parities (EU27_2020=1)","Health","16.9186"
"2021","Sweden","Purchasing power parities (EU27_2020=1)","Transport","13.2005"
"2021","Sweden","Purchasing power parities (EU27_2020=1)","Communication","13.9145"
"2021","Sweden","Purchasing power parities (EU27_2020=1)","Recreation and culture","13.2767"
"2021","Sweden","Purchasing power parities (EU27_2020=1)","Audio-visual, photographic and information processing equipment","9.91315"
"2021","Sweden","Purchasing power parities (EU27_2020=1)","Education","18.4189"
"2021","Sweden","Purchasing power parities (EU27_2020=1)","Restaurants and hotels","13.9447"
"2021","Sweden","Purchasing power parities (EU27_2020=1)","Software","10.7589"
"2021","Iceland","Purchasing power parities (EU27_2020=1)","Food and non-alcoholic beverages","209.147"
"2021","Iceland","Purchasing power parities (EU27_2020=1)","Alcoholic beverages, tobacco and narcotics","320.592"
"2021","Iceland","Purchasing power parities (EU27_2020=1)","Clothing and footwear","203.010"
"2021","Iceland","Purchasing power parities (EU27_2020=1)","Electricity, gas and other fuels","104.271"
"2021","Iceland","Purchasing power parities (EU27_2020=1)","Health","331.708"
"2021","Iceland","Purchasing power parities (EU27_2020=1)","Transport","190.746"
"2021","Iceland","Purchasing power parities (EU27_2020=1)","Communication","227.085"
"2021","Iceland","Purchasing power parities (EU27_2020=1)","Recreation and culture","221.567"
"2021","Iceland","Purchasing power parities (EU27_2020=1)","Audio-visual, photographic and information processing equipment","195.313"
"2021","Iceland","Purchasing power parities (EU27_2020=1)","Education","312.495"
"2021","Iceland","Purchasing power parities (EU27_2020=1)","Restaurants and hotels","244.655"
"2021","Iceland","Purchasing power parities (EU27_2020=1)","Software","148.386"
"2021","Norway","Purchasing power parities (EU27_2020=1)","Food and non-alcoholic beverages","15.1423"
"2021","Norway","Purchasing power parities (EU27_2020=1)","Alcoholic beverages, tobacco and narcotics","23.6251"
"2021","Norway","Purchasing power parities (EU27_2020=1)","Clothing and footwear","12.8983"
"2021","Norway","Purchasing power parities (EU27_2020=1)","Electricity, gas and other fuels","9.67538"
"2021","Norway","Purchasing power parities (EU27_2020=1)","Health","21.0504"
"2021","Norway","Purchasing power parities (EU27_2020=1)","Transport","14.1954"
"2021","Norway","Purchasing power parities (EU27_2020=1)","Communication","19.1821"
"2021","Norway","Purchasing power parities (EU27_2020=1)","Recreation and culture","15.7703"
"2021","Norway","Purchasing power parities (EU27_2020=1)","Audio-visual, photographic and information processing equipment","12.2293"
"2021","Norway","Purchasing power parities (EU27_2020=1)","Education","20.0861"
"2021","Norway","Purchasing power parities (EU27_2020=1)","Restaurants and hotels","16.9947"
"2021","Norway","Purchasing power parities (EU27_2020=1)","Software","10.8520"
"2021","Switzerland","Purchasing power parities (EU27_2020=1)","Food and non-alcoholic beverages","1.79563"
"2021","Switzerland","Purchasing power parities (EU27_2020=1)","Alcoholic beverages, tobacco and narcotics","1.39152"
"2021","Switzerland","Purchasing power parities (EU27_2020=1)","Clothing and footwear","1.39626"
"2021","Switzerland","Purchasing power parities (EU27_2020=1)","Electricity, gas and other fuels","1.15982"
"2021","Switzerland","Purchasing power parities (EU27_2020=1)","Health","2.39824"
"2021","Switzerland","Purchasing power parities (EU27_2020=1)","Transport","1.29259"
"2021","Switzerland","Purchasing power parities (EU27_2020=1)","Communication","1.67903"
"2021","Switzerland","Purchasing power parities (EU27_2020=1)","Recreation and culture","1.62999"
"2021","Switzerland","Purchasing power parities (EU27_2020=1)","Audio-visual, photographic and information processing equipment","1.02715"
"2021","Switzerland","Purchasing power parities (EU27_2020=1)","Education","2.80840"
"2021","Switzerland","Purchasing power parities (EU27_2020=1)","Restaurants and hotels","1.82394"
"2021","Switzerland","Purchasing power parities (EU27_2020=1)","Software","1.14755"
"2021","United Kingdom","Purchasing power parities (EU27_2020=1)","Food and non-alcoholic beverages",":"
"2021","United Kingdom","Purchasing power parities (EU27_2020=1)","Alcoholic beverages, tobacco and narcotics",":"
"2021","United Kingdom","Purchasing power parities (EU27_2020=1)","Clothing and footwear",":"
"2021","United Kingdom","Purchasing power parities (EU27_2020=1)","Electricity, gas and other fuels",":"
"2021","United Kingdom","Purchasing power parities (EU27_2020=1)","Health",":"
"2021","United Kingdom","Purchasing power parities (EU27_2020=1)","Transport",":"
"2021","United Kingdom","Purchasing power parities (EU27_2020=1)","Communication",":"
"2021","United Kingdom","Purchasing power parities (EU27_2020=1)","Recreation and culture",":"
"2021","United Kingdom","Purchasing power parities (EU27_2020=1)","Audio-visual, photographic and information processing equipment",":"
"2021","United Kingdom","Purchasing power parities (EU27_2020=1)","Education",":"
"2021","United Kingdom","Purchasing power parities (EU27_2020=1)","Restaurants and hotels",":"
"2021","United Kingdom","Purchasing power parities (EU27_2020=1)","Software",":"
"2021","Montenegro","Purchasing power parities (EU27_2020=1)","Food and non-alcoholic beverages","0.815304"
"2021","Montenegro","Purchasing power parities (EU27_2020=1)","Alcoholic beverages, tobacco and narcotics","0.722732"
"2021","Montenegro","Purchasing power parities (EU27_2020=1)","Clothing and footwear","0.925254"
"2021","Montenegro","Purchasing power parities (EU27_2020=1)","Electricity, gas and other fuels","0.498940"
"2021","Montenegro","Purchasing power parities (EU27_2020=1)","Health","0.351955"
"2021","Montenegro","Purchasing power parities (EU27_2020=1)","Transport","0.730909"
"2021","Montenegro","Purchasing power parities (EU27_2020=1)","Communication","0.956021"
"2021","Montenegro","Purchasing power parities (EU27_2020=1)","Recreation and culture","0.677278"
"2021","Montenegro","Purchasing power parities (EU27_2020=1)","Audio-visual, photographic and information processing equipment","1.02707"
"2021","Montenegro","Purchasing power parities (EU27_2020=1)","Education","0.273092"
"2021","Montenegro","Purchasing power parities (EU27_2020=1)","Restaurants and hotels","0.565106"
"2021","Montenegro","Purchasing power parities (EU27_2020=1)","Software","1.02515"
"2021","North Macedonia","Purchasing power parities (EU27_2020=1)","Food and non-alcoholic beverages","39.5704"
"2021","North Macedonia","Purchasing power parities (EU27_2020=1)","Alcoholic beverages, tobacco and narcotics","30.4113"
"2021","North Macedonia","Purchasing power parities (EU27_2020=1)","Clothing and footwear","48.5626"
"2021","North Macedonia","Purchasing power parities (EU27_2020=1)","Electricity, gas and other fuels","30.0781"
"2021","North Macedonia","Purchasing power parities (EU27_2020=1)","Health","19.9937"
"2021","North Macedonia","Purchasing power parities (EU27_2020=1)","Transport","37.7946"
"2021","North Macedonia","Purchasing power parities (EU27_2020=1)","Communication","41.8478"
"2021","North Macedonia","Purchasing power parities (EU27_2020=1)","Recreation and culture","33.4017"
"2021","North Macedonia","Purchasing power parities (EU27_2020=1)","Audio-visual, photographic and information processing equipment","58.6980"
"2021","North Macedonia","Purchasing power parities (EU27_2020=1)","Education","18.9755"
"2021","North Macedonia","Purchasing power parities (EU27_2020=1)","Restaurants and hotels","28.8508"
"2021","North Macedonia","Purchasing power parities (EU27_2020=1)","Software","55.8826"
"2021","Albania","Purchasing power parities (EU27_2020=1)","Food and non-alcoholic beverages","101.094"
"2021","Albania","Purchasing power parities (EU27_2020=1)","Alcoholic beverages, tobacco and narcotics","86.7116"
"2021","Albania","Purchasing power parities (EU27_2020=1)","Clothing and footwear","107.523"
"2021","Albania","Purchasing power parities (EU27_2020=1)","Electricity, gas and other fuels","56.5769"
"2021","Albania","Purchasing power parities (EU27_2020=1)","Health","42.0932"
"2021","Albania","Purchasing power parities (EU27_2020=1)","Transport","94.3725"
"2021","Albania","Purchasing power parities (EU27_2020=1)","Communication","137.656"
"2021","Albania","Purchasing power parities (EU27_2020=1)","Recreation and culture","72.8961"
"2021","Albania","Purchasing power parities (EU27_2020=1)","Audio-visual, photographic and information processing equipment","138.436"
"2021","Albania","Purchasing power parities (EU27_2020=1)","Education","23.8675"
"2021","Albania","Purchasing power parities (EU27_2020=1)","Restaurants and hotels","56.5138"
"2021","Albania","Purchasing power parities (EU27_2020=1)","Software","115.953"
"2021","Serbia","Purchasing power parities (EU27_2020=1)","Food and non-alcoholic beverages","99.9735"
"2021","Serbia","Purchasing power parities (EU27_2020=1)","Alcoholic beverages, tobacco and narcotics","80.4926"
"2021","Serbia","Purchasing power parities (EU27_2020=1)","Clothing and footwear","107.920"
"2021","Serbia","Purchasing power parities (EU27_2020=1)","Electricity, gas and other fuels","57.6196"
"2021","Serbia","Purchasing power parities (EU27_2020=1)","Health","45.9041"
"2021","Serbia","Purchasing power parities (EU27_2020=1)","Transport","88.2906"
"2021","Serbia","Purchasing power parities (EU27_2020=1)","Communication","93.8344"
"2021","Serbia","Purchasing power parities (EU27_2020=1)","Recreation and culture","75.8827"
"2021","Serbia","Purchasing power parities (EU27_2020=1)","Audio-visual, photographic and information processing equipment","140.339"
"2021","Serbia","Purchasing power parities (EU27_2020=1)","Education","26.6943"
"2021","Serbia","Purchasing power parities (EU27_2020=1)","Restaurants and hotels","64.5911"
"2021","Serbia","Purchasing power parities (EU27_2020=1)","Software","116.998"
"2021","Türkiye","Purchasing power parities (EU27_2020=1)","Food and non-alcoholic beverages","6.63254"
"2021","Türkiye","Purchasing power parities (EU27_2020=1)","Alcoholic beverages, tobacco and narcotics","5.58377"
"2021","Türkiye","Purchasing power parities (EU27_2020=1)","Clothing and footwear","4.75949"
"2021","Türkiye","Purchasing power parities (EU27_2020=1)","Electricity, gas and other fuels","3.79037"
"2021","Türkiye","Purchasing power parities (EU27_2020=1)","Health","2.45509"
"2021","Türkiye","Purchasing power parities (EU27_2020=1)","Transport","5.90113"
"2021","Türkiye","Purchasing power parities (EU27_2020=1)","Communication","5.08801"
"2021","Türkiye","Purchasing power parities (EU27_2020=1)","Recreation and culture","4.26717"
"2021","Türkiye","Purchasing power parities (EU27_2020=1)","Audio-visual, photographic and information processing equipment","7.17426"
"2021","Türkiye","Purchasing power parities (EU27_2020=1)","Education","0.936666"
"2021","Türkiye","Purchasing power parities (EU27_2020=1)","Restaurants and hotels","4.36645"
"2021","Türkiye","Purchasing power parities (EU27_2020=1)","Software","8.49367"
"2021","Bosnia and Herzegovina","Purchasing power parities (EU27_2020=1)","Food and non-alcoholic beverages","1.53258"
"2021","Bosnia and Herzegovina","Purchasing power parities (EU27_2020=1)","Alcoholic beverages, tobacco and narcotics","1.29155"
"2021","Bosnia and Herzegovina","Purchasing power parities (EU27_2020=1)","Clothing and footwear","1.86640"
"2021","Bosnia and Herzegovina","Purchasing power parities (EU27_2020=1)","Electricity, gas and other fuels","0.937308"
"2021","Bosnia and Herzegovina","Purchasing power parities (EU27_2020=1)","Health","0.942907"
"2021","Bosnia and Herzegovina","Purchasing power parities (EU27_2020=1)","Transport","1.31391"
"2021","Bosnia and Herzegovina","Purchasing power parities (EU27_2020=1)","Communication","1.85152"
"2021","Bosnia and Herzegovina","Purchasing power parities (EU27_2020=1)","Recreation and culture","1.22531"
"2021","Bosnia and Herzegovina","Purchasing power parities (EU27_2020=1)","Audio-visual, photographic and information processing equipment","2.19051"
"2021","Bosnia and Herzegovina","Purchasing power parities (EU27_2020=1)","Education","0.564159"
"2021","Bosnia and Herzegovina","Purchasing power parities (EU27_2020=1)","Restaurants and hotels","1.07011"
"2021","Bosnia and Herzegovina","Purchasing power parities (EU27_2020=1)","Software","1.88397"
"2021","Kosovo (under United Nations Security Council Resolution 1244/99)","Purchasing power parities (EU27_2020=1)","Food and non-alcoholic beverages",":"
"2021","Kosovo (under United Nations Security Council Resolution 1244/99)","Purchasing power parities (EU27_2020=1)","Alcoholic beverages, tobacco and narcotics",":"
"2021","Kosovo (under United Nations Security Council Resolution 1244/99)","Purchasing power parities (EU27_2020=1)","Clothing and footwear",":"
"2021","Kosovo (under United Nations Security Council Resolution 1244/99)","Purchasing power parities (EU27_2020=1)","Electricity, gas and other fuels",":"
"2021","Kosovo (under United Nations Security Council Resolution 1244/99)","Purchasing power parities (EU27_2020=1)","Health",":"
"2021","Kosovo (under United Nations Security Council Resolution 1244/99)","Purchasing power parities (EU27_2020=1)","Transport",":"
"2021","Kosovo (under United Nations Security Council Resolution 1244/99)","Purchasing power parities (EU27_2020=1)","Communication",":"
"2021","Kosovo (under United Nations Security Council Resolution 1244/99)","Purchasing power parities (EU27_2020=1)","Recreation and culture",":"
"2021","Kosovo (under United Nations Security Council Resolution 1244/99)","Purchasing power parities (EU27_2020=1)","Audio-visual, photographic and information processing equipment",":"
"2021","Kosovo (under United Nations Security Council Resolution 1244/99)","Purchasing power parities (EU27_2020=1)","Education",":"
"2021","Kosovo (under United Nations Security Council Resolution 1244/99)","Purchasing power parities (EU27_2020=1)","Restaurants and hotels",":"
"2021","Kosovo (under United Nations Security Council Resolution 1244/99)","Purchasing power parities (EU27_2020=1)","Software",":"
"2021","United States","Purchasing power parities (EU27_2020=1)","Food and non-alcoholic beverages",":"
"2021","United States","Purchasing power parities (EU27_2020=1)","Alcoholic beverages, tobacco and narcotics",":"
"2021","United States","Purchasing power parities (EU27_2020=1)","Clothing and footwear",":"
"2021","United States","Purchasing power parities (EU27_2020=1)","Electricity, gas and other fuels",":"
"2021","United States","Purchasing power parities (EU27_2020=1)","Health",":"
"2021","United States","Purchasing power parities (EU27_2020=1)","Transport",":"
"2021","United States","Purchasing power parities (EU27_2020=1)","Communication",":"
"2021","United States","Purchasing power parities (EU27_2020=1)","Recreation and culture",":"
"2021","United States","Purchasing power parities (EU27_2020=1)","Audio-visual, photographic and information processing equipment",":"
"2021","United States","Purchasing power parities (EU27_2020=1)","Education",":"
"2021","United States","Purchasing power parities (EU27_2020=1)","Restaurants and hotels",":"
"2021","United States","Purchasing power parities (EU27_2020=1)","Software",":"
"2021","Japan","Purchasing power parities (EU27_2020=1)","Food and non-alcoholic beverages",":"
"2021","Japan","Purchasing power parities (EU27_2020=1)","Alcoholic beverages, tobacco and narcotics",":"
"2021","Japan","Purchasing power parities (EU27_2020=1)","Clothing and footwear",":"
"2021","Japan","Purchasing power parities (EU27_2020=1)","Electricity, gas and other fuels",":"
"2021","Japan","Purchasing power parities (EU27_2020=1)","Health",":"
"2021","Japan","Purchasing power parities (EU27_2020=1)","Transport",":"
"2021","Japan","Purchasing power parities (EU27_2020=1)","Communication",":"
"2021","Japan","Purchasing power parities (EU27_2020=1)","Recreation and culture",":"
"2021","Japan","Purchasing power parities (EU27_2020=1)","Audio-visual, photographic and information processing equipment",":"
"2021","Japan","Purchasing power parities (EU27_2020=1)","Education",":"
"2021","Japan","Purchasing power parities (EU27_2020=1)","Restaurants and hotels",":"
"2021","Japan","Purchasing power parities (EU27_2020=1)","Software",":"
